<?xml version="1.0" encoding="UTF-8"?>
<beans xmlns="http://www.springframework.org/schema/beans"
	xmlns:xsi="http://www.w3.org/2001/XMLSchema-instance"
	xmlns:context="http://www.springframework.org/schema/context"
	xsi:schemaLocation="http://www.springframework.org/schema/beans http://www.springframework.org/schema/beans/spring-beans-4.3.xsd
		http://www.springframework.org/schema/context http://www.springframework.org/schema/context/spring-context-4.3.xsd">

<import resource="springBeans.xml"/>

<bean id="tokenMachine" class="org.cap.methodinj.TokenMachine" scope="singleton">
	<lookup-method name="generateToken" bean="token"/>
</bean>


<bean id="token" class="org.cap.methodinj.Token" scope="prototype">
</bean>



<bean id="emp" class="org.cap.model.Employee" init-method="init_method" 
			destroy-method="destroy_method">
	<constructor-arg name="employeeId" value="1234"/>
	<constructor-arg name="firstName" value="Tom"/>
	<constructor-arg name="lastName" value="Jerry"/>
	<constructor-arg name="salary" value="34000" />
	<constructor-arg name="address" ref="address2"/>
 	<!-- <property name="employeeId" value="1234"/>
	<property name="firstName" value="Tom"/>
	<property name="lastName" value="Jerry"/>
	<property name="salary" value="34000"/> -->
	<!-- <property name="address" ref="address"/>  -->
</bean>

<bean id="address2" class="org.cap.model.Address" >
	<property name="addressId" value="123"/>
	<property name="streetName" value="North Avvenue"/>
	<property name="city" value="Hyderabad"></property>
</bean>



</beans>